Match ID,Runs,Mins,Ball Faced,4s,6s,Strike Rate,Batting Position,Dismissal,Inns,Ground,Start Date,Match_Format,Opposition,Result
ODI # 2742 ,12,33,22,1,0,54.54,2,lbw,1,Dambulla,18-Aug-08,ODI,Sri Lanka,Lost
ODI # 2745 ,37,82,67,6,0,55.22,2,caught,2,Dambulla,20-Aug-08,ODI,Sri Lanka,Win
ODI # 2750 ,25,40,38,4,0,65.78,1,run out,1,Colombo (RPS),24-Aug-08,ODI,Sri Lanka,Win
ODI # 2755,54,87,66,7,0,81.81,1,bowled,1,Colombo (RPS),27-Aug-08,ODI,Sri Lanka,Win
 ODI # 2756,31,45,46,3,1,67.39,1,lbw,2,Colombo (RPS),29-Aug-08,ODI,Sri Lanka,Lost
ODI # 2889 ,2,6,2,0,0,100,7,not out,1,Colombo (RPS),14-Sep-09,ODI,Sri Lanka,Win
ODI # 2898 ,16,28,24,1,0,66.66,4,caught,2,Centurion,26-Sep-09,ODI,Pakistan,Lost
ODI # 2901,,0,0,0,0,0,0,Team Did Not Bat,0,Centurion,28-Sep-09,ODI,Australia,No_Result
 ODI # 2904 ,79,121,104,9,2,75.96,4,not out,2,Johannesburg,30-Sep-09,ODI,West Indies,Win
ODI # 2913 ,30,53,41,3,0,73.17,4,caught,2,Vadodara,25-Oct-09,ODI,Australia,Lost
ODI # 2919,10,32,16,1,0,62.5,3,caught,2,Mohali,02-Nov-09,ODI,Australia,Lost
 ODI # 2932 ,27,20,19,4,0,142.1,7,bowled,1,Rajkot,15-Dec-09,ODI,Sri Lanka,Win
ODI # 2933 ,54,93,65,7,0,83.07,4,lbw,1,Nagpur,18-Dec-09,ODI,Sri Lanka,Lost
ODI # 2935 ,107,-,114,11,1,93.85,4,caught,2,Eden Gardens,24-Dec-09,ODI,Sri Lanka,Win
ODI # 2936,,0,0,0,0,0,0,Team Did Not Bat,0,Delhi,27-Dec-09,ODI,Sri Lanka,No_Result
ODI # 2938,9,19,12,1,0,75,3,caught,1,Mirpur,05-Jan-10,ODI,Sri Lanka,Lost
 ODI # 2939 ,91,136,102,7,0,89.21,3,caught,2,Mirpur,07-Jan-10,ODI,Bangladesh,Win
ODI # 2941,71,98,68,9,0,104.41,3,not out,2,Mirpur,10-Jan-10,ODI,Sri Lanka,Win
 ODI # 2942,102,128,95,11,0,107.36,3,not out,2,Mirpur,11-Jan-10,ODI,Bangladesh,Win
 ODI # 2943,2,6,8,0,0,25,3,caught,1,Mirpur,13-Jan-10,ODI,Sri Lanka,Lost
 ODI # 2961,31,-,46,1,0,67.39,5,caught,1,Jaipur,21-Feb-10,ODI,South Africa,Win
 ODI # 2962 ,,0,0,0,0,0,0,Did Not Bat,0,Gwalior,24-Feb-10,ODI,South Africa,Win
ODI # 2963,57,-,71,4,1,80.28,3,caught,2,Ahmedabad,27-Feb-10,ODI,South Africa,Lost
 ODI # 2981,0,3,0,0,0,-,3,run out,1,Bulawayo,28-May-10,ODI,Zimbabwe,Lost
 ODI # 2983,82,125,92,4,0,89.13,3,caught,2,Bulawayo,30-May-10,ODI,Sri Lanka,Win
ODI # 2986,18,28,29,1,0,62.06,3,caught,1,Harare,03-Jun-10,ODI,Zimbabwe,Lost
 ODI # 2988,68,123,95,5,0,71.57,3,caught,1,Harare,05-Jun-10,ODI,Sri Lanka,Lost
 T20I # 182 ,26,30,21,3,1,123.8,5,not out,2,Harare,12-Jun-10,T20I,Zimbabwe,Win
T20I # 183 ,,0,0,0,0,0,0,Did Not Bat,0,Harare,13-Jun-10,T20I,Zimbabwe,Win
ODI # 2993 ,11,35,22,0,0,50,3,stumped,2,Dambulla,16-Jun-10,ODI,Bangladesh,Win
ODI # 2996 ,18,31,27,1,0,66.66,3,bowled,2,Dambulla,19-Jun-10,ODI,Pakistan,Win
ODI # 2999 ,10,13,14,1,0,71.42,3,caught,1,Dambulla,22-Jun-10,ODI,Sri Lanka,Lost
ODI # 3001 ,28,57,34,4,0,82.35,3,caught,1,Dambulla,24-Jun-10,ODI,Sri Lanka,Win
ODI # 3032 ,0,5,3,0,0,0,3,caught,2,Dambulla,16-Aug-10,ODI,Sri Lanka,Win
ODI # 3039 ,8,22,16,1,0,50,3,caught,1,Dambulla,25-Aug-10,ODI,New Zealand,Win
ODI # 3040 ,37,98,57,5,0,64.91,3,caught,2,Dambulla,28-Aug-10,ODI,Sri Lanka,Lost
ODI # 3060 ,118,193,121,11,1,97.52,3,caught,2,Visakhapatnam,20-Oct-10,ODI,Australia,Win
ODI # 3070 ,105,162,104,10,0,100.96,3,caught,1,Guwahati,28-Nov-10,ODI,New Zealand,Win
ODI # 3072 ,64,78,73,8,0,87.67,3,caught,2,Jaipur,01-Dec-10,ODI,New Zealand,Win
ODI # 3074 ,63,83,70,6,2,90,3,not out,2,Vadodara,04-Dec-10,ODI,New Zealand,Win
ODI # 3076 ,0,3,2,0,0,0,3,caught,2,Bengaluru,07-Dec-10,ODI,New Zealand,Win
ODI # 3077,2,10,8,0,0,25,3,caught,2,Chennai,10-Dec-10,ODI,New Zealand,Win
T20I # 196 ,28,28,19,5,0,147.36,1,bowled,1,Durban,09-Jan-11,T20I,South Africa,Win
ODI # 3079,54,122,70,2,1,77.14,3,caught,2,Durban,12-Jan-11,ODI,South Africa,Lost
 ODI # 3080 ,22,43,34,1,0,64.7,3,run out,1,Johannesburg,15-Jan-11,ODI,South Africa,Win
ODI # 3082 ,28,51,41,5,0,68.29,3,caught,2,Cape Town,18-Jan-11,ODI,South Africa,Win
ODI # 3084 ,87,126,92,7,2,94.56,3,not out,2,Gqeberha,21-Jan-11,ODI,South Africa,Lost
ODI # 3087 ,2,11,6,0,0,33.33,3,caught,2,Centurion,23-Jan-11,ODI,South Africa,Lost
ODI # 3100 ,100,113,83,8,2,120.48,4,not out,1,Mirpur,19-Feb-11,ODI,Bangladesh,Win
ODI # 3110 ,8,12,5,1,0,160,7,bowled,1,Bengaluru,27-Feb-11,ODI,England,Tied Match
ODI # 3121 ,34,82,53,3,0,64.15,4,run out,2,Bengaluru,06-Mar-11,ODI,Ireland,Win
ODI # 3124 ,12,16,20,2,0,60,5,bowled,2,Delhi,09-Mar-11,ODI,Netherlands,Win
ODI # 3128 ,1,2,3,0,0,33.33,7,caught,1,Nagpur,12-Mar-11,ODI,South Africa,Lost
ODI # 3141 ,59,128,76,5,0,77.63,3,bowled,1,Chennai,20-Mar-11,ODI,West Indies,Win
ODI # 3143 ,24,38,33,1,0,72.72,4,caught,2,Ahmedabad,24-Mar-11,ODI,Australia,Win
ODI # 3147 ,9,20,21,0,0,42.85,4,caught,1,Mohali,30-Mar-11,ODI,Pakistan,Win
ODI # 3148 ,35,69,49,4,0,71.42,4,caught,2,Wankhede,02-Apr-11,ODI,Sri Lanka,Win
T20I # 200 ,14,15,12,2,0,116.66,3,caught,1,Port of Spain,04-Jun-11,T20I,West Indies,Win
ODI # 3159 ,2,5,8,0,0,25,3,caught,2,Port of Spain,06-Jun-11,ODI,West Indies,Win
ODI # 3160 ,81,118,103,6,1,78.64,3,caught,2,Port of Spain,08-Jun-11,ODI,West Indies,Win
ODI # 3161 ,0,1,1,0,0,0,3,lbw,2,North Sound,11-Jun-11,ODI,West Indies,Win
ODI # 3162 ,22,68,33,1,0,66.66,3,stumped,2,North Sound,13-Jun-11,ODI,West Indies,Lost
ODI # 3163 ,94,135,104,10,0,90.38,3,run out,1,Kingston,16-Jun-11,ODI,West Indies,Lost
Test #1997 ,4,13,10,1,0,40,5,caught,1,Kingston,20-Jun-11,Test,West Indies,Win
Test # 1997 ,15,72,54,2,0,27.77,5,caught,3,Kingston,20-Jun-11,Test,West Indies,Win
Test # 1998 ,0,1,2,0,0,0,5,caught,1,Bridgetown,28-Jun-11,Test,West Indies,Drawn Match
Test # 1998 ,27,118,107,1,1,25.23,5,caught,3,Bridgetown,28-Jun-11,Test,West Indies,Drawn Match
Test # 1999 ,30,62,53,2,0,56.6,5,caught,2,Roseau,06-Jul-11,Test,West Indies,Drawn Match
Test #1999 ,,0,0,0,0,0,0,Did Not Bat,0,Roseau,06-Jul-11,Test,West Indies,Drawn Match
T20I # 204,4,5,5,0,0,80,4,caught,1,Manchester,31-Aug-11,T20I,England,Lost
 ODI # 3186,55,92,73,4,0,75.34,4,bowled,1,Chester-le-Street,03-Sep-11,ODI,England,No_Result
 ODI # 3187,9,9,9,0,0,100,4,caught,1,Southampton,06-Sep-11,ODI,England,Lost
 ODI # 3189 ,7,18,18,0,0,38.88,4,caught,1,The Oval,09-Sep-11,ODI,England,Lost
ODI # 3191 ,16,40,36,1,0,44.44,4,caught,1,Lord's,11-Sep-11,ODI,England,Tied Match
ODI # 3195 ,107,102,93,9,1,115.05,4,hit wicket,1,Cardiff,16-Sep-11,ODI,England,Lost
ODI # 3199 ,37,70,63,0,0,58.73,4,caught,1,Hyderabad,14-Oct-11,ODI,England,Win
ODI # 3201 ,112,134,98,16,0,114.28,4,not out,2,Delhi,17-Oct-11,ODI,England,Win
ODI # 3205 ,35,42,30,5,0,116.66,4,lbw,2,Mohali,20-Oct-11,ODI,England,Win
ODI # 3207 ,86,-,99,11,0,86.86,4,not out,2,Wankhede,23-Oct-11,ODI,England,Win
ODI # 3210 ,0,5,5,0,0,0,3,bowled,1,Eden Gardens,25-Oct-11,ODI,England,Win
T20I # 214 ,15,21,16,3,0,93.75,3,caught,1,Eden Gardens,29-Oct-11,T20I,England,Lost
Test #2019 ,52,154,111,5,0,46.84,6,caught,2,Wankhede,22-Nov-11,Test,West Indies,Drawn Match
Test #2019 ,63,136,114,3,1,55.26,6,caught,4,Wankhede,22-Nov-11,Test,West Indies,Drawn Match
ODI # 3217 ,3,13,6,0,0,50,4,bowled,2,Cuttack,29-Nov-11,ODI,West Indies,Win
ODI # 3219 ,117,154,123,14,0,95.12,4,caught,2,Visakhapatnam,02-Dec-11,ODI,West Indies,Win
ODI # 3221 ,20,21,30,3,0,66.66,4,lbw,2,Ahmedabad,05-Dec-11,ODI,West Indies,Lost
ODI # 3223 ,23,15,11,3,0,209.09,6,not out,1,Indore,08-Dec-11,ODI,West Indies,Win
ODI # 3224 ,80,99,85,5,0,94.11,5,caught,1,Chennai,11-Dec-11,ODI,West Indies,Win
Test #2025 ,11,28,21,1,0,52.38,7,caught,2,Melbourne,26-Dec-11,Test,Australia,Lost
Test #2025,0,3,1,0,0,0,6,lbw,4,Melbourne,26-Dec-11,Test,Australia,Lost
Test #2027 ,23,50,41,3,0,56.09,6,caught,1,Sydney,03-Jan-12,Test,Australia,Lost
Test #2027,9,35,24,2,0,37.5,6,lbw,3,Sydney,03-Jan-12,Test,Australia,Lost
 Test #2029,44,107,81,6,0,54.32,6,caught,1,Perth,13-Jan-12,Test,Australia,Lost
 Test #2029 ,75,191,136,9,0,55.14,6,caught,3,Perth,13-Jan-12,Test,Australia,Lost
Test #2031 ,116,237,213,11,1,54.46,6,lbw,2,Adelaide,24-Jan-12,Test,Australia,Lost
Test #2031 ,22,96,62,2,0,35.48,6,run out,4,Adelaide,24-Jan-12,Test,Australia,Lost
T20I # 217,22,30,21,0,1,104.76,3,caught,2,Sydney,01-Feb-12,T20I,Australia,Lost
 T20I # 218 ,31,29,24,3,0,129.16,3,caught,2,Melbourne,03-Feb-12,T20I,Australia,Win
ODI # 3231,31,30,34,3,0,91.17,3,caught,2,Melbourne,05-Feb-12,ODI,Australia,Lost
 ODI # 3233,77,156,94,8,1,81.91,3,run out,2,Perth,08-Feb-12,ODI,Sri Lanka,Win
 ODI # 3237,18,41,28,1,0,64.28,3,caught,2,Adelaide,12-Feb-12,ODI,Australia,Win
 ODI # 3239,15,32,25,1,0,60,3,lbw,2,Adelaide,14-Feb-12,ODI,Sri Lanka,Tied Match
 ODI # 3244,12,44,25,0,0,48,3,caught,2,Brisbane,19-Feb-12,ODI,Australia,Lost
 ODI # 3246,66,116,83,2,0,79.51,4,caught,2,Brisbane,21-Feb-12,ODI,Sri Lanka,Lost
 ODI # 3250,21,36,27,2,0,77.77,4,caught,2,Sydney,26-Feb-12,ODI,Australia,Lost
 ODI # 3251,133,133,86,16,2,154.65,4,not out,2,Hobart,28-Feb-12,ODI,Sri Lanka,Win
 ODI # 3259,108,148,120,7,0,90,3,caught,1,Mirpur,13-Mar-12,ODI,Sri Lanka,Win
 ODI # 3261,66,126,82,5,0,80.48,3,bowled,1,Mirpur,16-Mar-12,ODI,Bangladesh,Lost
 ODI # 3263,183,211,148,22,1,123.64,3,caught,2,Mirpur,18-Mar-12,ODI,Pakistan,Win
 T20I # 242 ,,0,0,0,0,0,0,Did Not Bat,0,Johannesburg,30-Mar-12,T20I,South Africa,Lost
ODI # 3291,106,158,113,9,0,93.8,3,caught,1,Hambantota,21-Jul-12,ODI,Sri Lanka,Win
 ODI # 3292,1,6,5,0,0,20,3,caught,1,Hambantota,24-Jul-12,ODI,Sri Lanka,Lost
 ODI # 3293,38,80,65,2,0,58.46,3,caught,2,Colombo (RPS),28-Jul-12,ODI,Sri Lanka,Win
 ODI # 3294,128,187,119,12,1,107.56,3,not out,2,Colombo (RPS),31-Jul-12,ODI,Sri Lanka,Win
 ODI # 3295,23,42,35,2,0,65.71,3,lbw,1,Pallekele,04-Aug-12,ODI,Sri Lanka,Win
 T20I # 255 ,68,65,48,11,1,141.66,3,caught,1,Pallekele,07-Aug-12,T20I,Sri Lanka,Win
Test #2054 ,58,143,107,8,0,54.2,5,caught,1,Hyderabad,23-Aug-12,Test,New Zealand,Win
Test #2055 ,103,284,193,14,1,53.36,5,lbw,2,Bengaluru,31-Aug-12,Test,New Zealand,Win
Test #2055 ,51,130,82,9,0,62.19,5,not out,4,Bengaluru,31-Aug-12,Test,New Zealand,Win
T201 # 261 ,70,67,41,10,1,170.73,2,caught,2,Chennai,11-Sep-12,T20I,New Zealand,NULL
T20I # 265 ,50,60,39,4,2,128.2,3,caught,1,Colombo (RPS),19-Sep-12,T20I,Afghanistan,Win
T201 # 272 ,40,33,32,6,0,125,3,caught,1,Colombo (RPS),23-Sep-12,T20I,England,NULL
T20I # 278 ,15,18,13,2,0,115.38,3,caught,1,Colombo (RPS),28-Sep-12,T20I,Australia,Lost
T20I # 282 ,78,61,61,8,2,127.86,3,not out,2,Colombo (RPS),30-Sep-12,T20I,Pakistan,Win
T20I # 286 ,2,5,6,0,0,33.33,3,caught,1,Colombo (RPS),02-Oct-12,T20I,South Africa,Win
Test #2058 ,19,70,67,3,0,28.35,5,bowled,1,Ahmedabad,15-Nov-12,Test,England,Win
Test #2058 ,14,17,21,3,0,66.66,3,not out,4,Ahmedabad,15-Nov-12,Test,England,Win
Test #2062 ,19,65,55,3,0,34.54,5,caught,1,Wankhede,23-Nov-12,Test,England,Lost
Test #2062 ,7,16,13,1,0,53.84,5,caught,3,Wankhede,23-Nov-12,Test,England,Lost
Test #2065 ,6,31,24,1,0,25,5,caught,1,Eden Gardens,05-Dec-12,Test,England,Lost
Test #2065 ,20,86,60,3,0,33.33,5,caught,3,Eden Gardens,05-Dec-12,Test,England,Lost
Test #2066 ,103,356,295,11,0,34.91,5,lbw,2,Nagpur,13-Dec-12,Test,England,Drawn Match
T20I # 292 ,21,35,17,2,0,123.52,3,bowled,2,Pune,20-Dec-12,T20I,England,Win
T20I # 294 ,38,25,20,7,0,190,3,lbw,1,Wankhede,22-Dec-12,T20I,England,Lost
T20I # 296 ,9,15,11,1,0,81.81,3,caught,1,Bengaluru,25-Dec-12,T20I,Pakistan,Lost
T20I # 298 ,27,31,22,3,0,122.72,3,run out,1,Ahmedabad,28-Dec-12,T20I,Pakistan,Win
ODI # 3314,0,9,5,0,0,0,3,bowled,1,Chennai,30-Dec-12,ODI,Pakistan,Lost
ODI # 3315 ,6,12,9,1,0,66.66,3,caught,2,Eden Gardens,03-Jan-13,ODI,Pakistan,Lost
ODI # 3316 ,7,25,17,1,0,41.17,3,caught,1,Delhi,06-Jan-13,ODI,Pakistan,Win
ODI # 3318 ,15,45,22,1,0,68.18,3,caught,2,Rajkot,11-Jan-13,ODI,England,Lost
ODI # 3320 ,37,86,54,1,1,68.51,3,caught,1,Kochi,15-Jan-13,ODI,England,Win
ODI # 3322,77,110,79,9,2,97.46,3,not out,2,Ranchi,19-Jan-13,ODI,England,Win
 ODI # 3327 ,26,44,33,3,0,78.78,3,caught,2,Mohali,23-Jan-13,ODI,England,Win
ODI # 3329 ,0,1,1,0,0,0,3,caught,1,Dharamsala,27-Jan-13,ODI,England,Lost
Test #2074 ,107,266,206,15,1,51.94,5,caught,2,Chennai,22-Feb-13,Test,Australia,Win
Test #2074 ,,0,0,0,0,0,0,Did Not Bat,0,Chennai,22-Feb-13,Test,Australia,Win
Test #2076 ,34,119,92,3,0,36.95,5,caught,2,Hyderabad,02-Mar-13,Test,Australia,Win
Test #2081 ,67,157,129,7,1,51.93,5,not out,2,Mohali,14-Mar-13,Test,Australia,Win
Test #2081 ,34,80,61,6,0,55.73,3,caught,4,Mohali,14-Mar-13,Test,Australia,Win
Test #2085 ,1,11,8,0,0,12.5,3,lbw,2,Delhi,22-Mar-13,Test,Australia,Win
Test #2085 ,41,76,60,4,0,68.33,3,lbw,4,Delhi,22-Mar-13,Test,Australia,Win
ODI # 3363,31,46,41,2,0,75.6,3,caught,1,Cardiff,06-Jun-13,ODI,South Africa,Win
 ODI # 3368,22,18,18,4,0,122.22,3,bowled,2,The Oval,11-Jun-13,ODI,West Indies,Win
 ODI # 3372,22,36,27,3,0,81.48,3,not out,2,Birmingham,15-Jun-13,ODI,Pakistan,Win
 ODI # 3376,58,80,64,4,1,90.62,3,not out,2,Cardiff,20-Jun-13,ODI,Sri Lanka,Win
 ODI # 3377,43,66,34,4,1,126.47,3,caught,1,Birmingham,23-Jun-13,ODI,England,Win
 ODI # 3380,11,19,21,0,1,52.38,3,caught,1,Kingston,30-Jun-13,ODI,West Indies,Lost
 ODI # 3382,2,6,5,0,0,40,4,caught,2,Kingston,02-Jul-13,ODI,Sri Lanka,Lost
 ODI # 3383,102,120,83,13,2,122.89,3,caught,1,Port of Spain,05-Jul-13,ODI,West Indies,Win
 ODI # 3387,31,62,52,4,0,59.61,3,lbw,1,Port of Spain,09-Jul-13,ODI,Sri Lanka,Win
 ODI # 3388,2,8,5,0,0,40,3,caught,2,Port of Spain,11-Jul-13,ODI,Sri Lanka,Win
 ODI # 3395,115,133,108,13,1,106.48,3,caught,2,Harare,24-Jul-13,ODI,Zimbabwe,Win
 ODI # 3397,14,35,18,2,0,77.77,3,caught,1,Harare,26-Jul-13,ODI,Zimbabwe,Win
 ODI # 3399,68,128,88,5,1,77.27,3,not out,2,Harare,28-Jul-13,ODI,Zimbabwe,Win
 ODI # 3402 ,,0,0,0,0,0,0,Did Not Bat,0,Bulawayo,01-Aug-13,ODI,Zimbabwe,Win
ODI # 3403 ,,0,0,0,0,0,0,Did Not Bat,0,Bulawayo,03-Aug-13,ODI,Zimbabwe,Win
T20I # 331 ,29,26,22,2,1,131.81,4,caught,2,Rajkot,10-Oct-13,T20I,Australia,Win
ODI # 3419,61,121,85,6,0,71.76,3,lbw,2,Pune,13-Oct-13,ODI,Australia,Lost
 ODI # 3420 ,100,82,52,8,7,192.3,3,not out,2,Jaipur,16-Oct-13,ODI,Australia,Win
ODI # 3421,68,121,73,9,0,93.15,3,caught,1,Mohali,19-Oct-13,ODI,Australia,Lost
 ODI # 3422 ,,0,0,0,0,0,0,Did Not Bat,0,Ranchi,23-Oct-13,ODI,Australia,No_Result
ODI # 3424,115,104,66,18,1,174.24,3,not out,2,Nagpur,30-Oct-13,ODI,Australia,Win
 ODI # 3428 ,0,4,3,0,0,0,3,run out,1,Bengaluru,02-Nov-13,ODI,Australia,Win
Test # 2101,3,13,5,0,0,60,5,caught,2,Eden Gardens,06-Nov-13,Test,West Indies,Win
 Test # 2102 ,57,80,78,5,0,73.07,5,caught,2,Wankhede,14-Nov-13,Test,West Indies,Win
ODI # 3436 ,86,120,84,9,2,102.38,3,caught,2,Kochi,21-Nov-13,ODI,West Indies,Win
ODI # 3437 ,99,159,100,9,0,99,3,caught,1,Visakhapatnam,24-Nov-13,ODI,West Indies,Lost
ODI # 3439 ,19,19,18,3,0,105.55,3,caught,2,Kanpur,27-Nov-13,ODI,West Indies,Win
ODI # 3442 ,31,41,35,5,0,88.57,3,caught,2,Johannesburg,05-Dec-13,ODI,South Africa,Lost
ODI # 3443 ,0,7,5,0,0,0,3,caught,2,Durban,08-Dec-13,ODI,South Africa,Lost
ODI # 3444 ,,0,0,0,0,0,0,Team Did Not Bat,0,Centurion,11-Dec-13,ODI,South Africa,No_Result
Test #2108 ,119,257,181,18,0,65.74,4,caught,1,Johannesburg,18-Dec-13,Test,South Africa,Drawn Match
Test #2108 ,96,254,193,9,0,49.74,4,caught,3,Johannesburg,18-Dec-13,Test,South Africa,Drawn Match
Test #2111 ,46,114,87,5,0,52.87,4,caught,1,Durban,26-Dec-13,Test,South Africa,Lost
Test # 2111,11,26,27,1,0,40.74,4,caught,3,Durban,26-Dec-13,Test,South Africa,Lost
ODI # 3456 ,123,179,111,11,2,110.81,3,caught,2,Napier,19-Jan-14,ODI,New Zealand,Lost
ODI # 3458 ,78,88,65,7,2,120,3,caught,2,Hamilton,22-Jan-14,ODI,New Zealand,Lost
ODI # 3462 ,6,27,20,1,0,30,3,caught,2,Auckland,25-Jan-14,ODI,New Zealand,Tied Match
ODI # 3465 ,2,14,10,0,0,20,2,caught,1,Hamilton,28-Jan-14,ODI,New Zealand,Lost
ODI # 3467 ,82,129,78,7,3,105.12,3,caught,2,Wellington,31-Jan-14,ODI,New Zealand,Lost
Test # 2118 ,4,17,13,1,0,30.76,4,caught,2,Auckland,06-Feb-14,Test,New Zealand,Lost
Test #2118 ,67,131,102,12,0,65.68,4,caught,4,Auckland,06-Feb-14,Test,New Zealand,Lost
Test #2120 ,38,131,93,4,0,40.86,5,caught,2,Wellington,14-Feb-14,Test,New Zealand,Drawn Match
Test #2120 ,105,195,135,15,1,77.77,4,not out,4,Wellington,14-Feb-14,Test,New Zealand,Drawn Match
ODI # 3474,136,157,122,16,2,111.47,3,bowled,2,Fatullah,26-Feb-14,ODI,Bangladesh,Win
 ODI # 3476,48,66,51,4,1,94.11,3,bowled,1,Fatullah,28-Feb-14,ODI,Sri Lanka,Lost
 ODI # 3479,5,29,11,0,0,45.45,3,caught,1,Mirpur,02-Mar-14,ODI,Pakistan,Lost
 ODI # 3483,,0,0,0,0,0,0,Did Not Bat,0,Mirpur,05-Mar-14,ODI,Afghanistan,Win
 T20I # 378 ,36,45,32,4,1,112.5,3,not out,2,Mirpur,21-Mar-14,T20I,Pakistan,Win
T20I # 382 ,54,51,41,5,1,131.7,3,bowled,2,Mirpur,23-Mar-14,T20I,West Indies,Win
T20I # 389 ,57,66,50,3,1,114,3,not out,2,Mirpur,28-Mar-14,T20I,Bangladesh,Win
T20I # 393 ,23,23,22,2,1,104.54,3,caught,1,Mirpur,30-Mar-14,T20I,Australia,Win
T20I # 399,72,67,44,5,2,163.63,3,not out,2,Mirpur,04-Apr-14,T20I,South Africa,Win
 T20I # 400,77,75,58,5,4,132.75,3,run out,1,Mirpur,06-Apr-14,T20I,Sri Lanka,Lost
 Test #2128 ,1,6,8,0,0,12.5,4,caught,1,Nottingham,09-Jul-14,Test,England,Drawn Match
Test #2128 ,8,39,29,1,0,27.58,4,lbw,3,Nottingham,09-Jul-14,Test,England,Drawn Match
Test # 2130 ,25,39,34,4,0,73.52,4,caught,1,Lord's,17-Jul-14,Test,England,Win
Test #2130 ,0,1,1,0,0,0,4,bowled,3,Lord's,17-Jul-14,Test,England,Win
Test # 2132 ,39,119,75,3,0,52,4,caught,2,Southampton,27-Jul-14,Test,England,Lost
Test #2132 ,28,77,56,3,0,50,4,caught,4,Southampton,27-Jul-14,Test,England,Lost
Test #2134 ,0,3,2,0,0,0,4,caught,1,Manchester,07-Aug-14,Test,England,Lost
Test # 2134 ,7,15,11,1,0,63.63,4,caught,3,Manchester,07-Aug-14,Test,England,Lost
Test #2137 ,6,34,18,1,0,33.33,4,lbw,1,The Oval,15-Aug-14,Test,England,Lost
Test #2137 ,20,80,54,2,0,37.03,4,caught,3,The Oval,15-Aug-14,Test,England,Lost
ODI # 3517,0,1,3,0,0,0,3,caught,1,Cardiff,27-Aug-14,ODI,England,Win
 ODI # 3520,40,67,50,2,1,80,3,caught,2,Nottingham,30-Aug-14,ODI,England,Win
 ODI # 3523,1,9,3,0,0,33.33,3,not out,2,Birmingham,02-Sep-14,ODI,England,Win
 ODI # 3525,13,25,21,2,0,61.9,3,caught,2,Leeds,05-Sep-14,ODI,England,Lost
 T20I # 405,66,54,41,9,1,160.97,3,caught,2,Birmingham,07-Sep-14,T20I,England,Lost
 ODI # 3531,2,7,5,0,0,40,3,caught,2,Kochi,08-Oct-14,ODI,West Indies,Lost
 ODI # 3533,62,124,78,5,0,79.48,4,caught,1,Delhi,11-Oct-14,ODI,West Indies,Win
 ODI # 3535,127,164,114,13,3,111.4,3,run out,1,Dharamsala,17-Oct-14,ODI,West Indies,Win
 ODI # 3539,22,34,21,2,0,104.76,4,caught,1,Cuttack,02-Nov-14,ODI,Sri Lanka,Win
 ODI # 3540,49,-,44,2,2,111.36,4,caught,2,Ahmedabad,06-Nov-14,ODI,Sri Lanka,Win
 ODI # 3543,53,-,61,4,1,86.88,4,caught,2,Hyderabad,09-Nov-14,ODI,Sri Lanka,Win
 ODI # 3544,66,109,64,6,0,103.12,4,run out,1,Eden Gardens,13-Nov-14,ODI,Sri Lanka,Win
 ODI # 3547,139,192,126,12,3,110.31,4,not out,2,Ranchi,16-Nov-14,ODI,Sri Lanka,Win
 Test #2148 ,115,267,184,12,0,62.5,4,caught,2,Adelaide,09-Dec-14,Test,Australia,Lost
Test #2148 ,141,279,175,16,1,80.57,4,caught,4,Adelaide,09-Dec-14,Test,Australia,Lost
Test #2149 ,19,50,27,1,0,70.37,4,caught,1,Brisbane,17-Dec-14,Test,Australia,Lost
Test #2149 ,1,14,11,0,0,9.09,4,bowled,3,Brisbane,17-Dec-14,Test,Australia,Lost
Test #2152 ,169,380,272,18,0,62.13,4,caught,2,Melbourne,26-Dec-14,Test,Australia,Drawn Match
Test #2152,54,134,99,7,0,54.54,4,caught,4,Melbourne,26-Dec-14,Test,Australia,Drawn Match
Test # 2156 ,147,315,230,20,0,63.91,4,caught,2,Sydney,06-Jan-15,Test,Australia,Drawn Match
Test #2156 ,46,123,95,3,0,48.42,4,caught,4,Sydney,06-Jan-15,Test,Australia,Drawn Match
ODI # 3582,9,24,16,0,0,56.25,4,caught,1,Melbourne,18-Jan-15,ODI,Australia,Lost
 ODI # 3586,4,13,8,0,0,50,4,caught,1,Brisbane,20-Jan-15,ODI,England,Lost
 ODI # 3592 ,3,8,9,0,0,33.33,4,not out,1,Sydney,26-Jan-15,ODI,Australia,No_Result
ODI # 3595 ,8,26,19,0,0,42.1,3,caught,1,Perth,30-Jan-15,ODI,England,Lost
ODI # 3602 ,107,168,126,8,0,84.92,3,caught,1,Adelaide,15-Feb-15,ODI,Pakistan,Win
ODI # 3610 ,46,106,60,3,0,76.66,3,caught,1,Melbourne,22-Feb-15,ODI,South Africa,Win
ODI # 3618 ,33,49,41,5,0,80.48,3,not out,2,Perth,28-Feb-15,ODI,U.A.E.,Win
ODI # 3625 ,33,51,36,5,0,91.66,3,caught,2,Perth,06-Mar-15,ODI,West Indies,Win
ODI # 3631 ,44,64,42,4,1,104.76,3,not out,2,Hamilton,10-Mar-15,ODI,Ireland,Win
ODI # 3636 ,38,71,48,4,0,79.16,3,bowled,2,Auckland,14-Mar-15,ODI,Zimbabwe,Win
ODI # 3641 ,3,6,8,0,0,37.5,3,caught,1,Melbourne,19-Mar-15,ODI,Bangladesh,Win
ODI # 3645 ,1,11,13,0,0,7.69,3,caught,2,Sydney,26-Mar-15,ODI,Australia,Lost
Test #2165 ,14,17,22,2,0,63.63,4,bowled,1,Fatullah,10-Jun-15,Test,Bangladesh,Drawn Match
ODI # 3658 ,1,9,4,0,0,25,3,caught,2,Mirpur,18-Jun-15,ODI,Bangladesh,Lost
ODI # 3660 ,23,57,27,3,1,85.18,3,lbw,1,Mirpur,21-Jun-15,ODI,Bangladesh,Lost
ODI # 3661 ,25,55,35,1,0,71.42,3,bowled,1,Mirpur,24-Jun-15,ODI,Bangladesh,Win
Test # 2176 ,103,266,191,11,0,53.92,4,lbw,2,Galle,12-Aug-15,Test,Sri Lanka,Lost
Test #2176 ,3,14,10,0,0,30,5,caught,4,Galle,12-Aug-15,Test,Sri Lanka,Lost
Test # 2177 ,78,178,107,8,1,72.89,4,caught,1,Colombo (PSS),20-Aug-15,Test,Sri Lanka,Win
Test # 2177 ,10,33,19,0,0,52.63,4,lbw,3,Colombo (PSS),20-Aug-15,Test,Sri Lanka,Win
Test # 2179 ,18,96,60,3,0,30,4,caught,1,Colombo (SSC),28-Aug-15,Test,Sri Lanka,Win
Test #2179 ,21,87,63,2,0,33.33,4,caught,3,Colombo (SSC),28-Aug-15,Test,Sri Lanka,Win
T20I # 456 ,43,58,27,1,3,159.25,3,caught,1,Dharamsala,02-Oct-15,T20I,South Africa,Lost
T20I # 457,1,3,1,0,0,100,3,run out,1,Cuttack,05-Oct-15,T20I,South Africa,Lost
 ODI # 3689 ,11,29,18,0,0,61.11,4,caught,2,Kanpur,11-Oct-15,ODI,South Africa,Lost
ODI # 3692 ,12,24,18,0,0,66.66,4,run out,1,Indore,14-Oct-15,ODI,South Africa,Win
ODI # 3695 ,77,155,99,5,0,77.77,3,caught,2,Rajkot,18-Oct-15,ODI,South Africa,Lost
ODI # 3698,138,202,140,6,5,98.57,3,caught,1,Chennai,22-Oct-15,ODI,South Africa,Win
 ODI # 3700,7,11,6,0,1,116.66,3,caught,2,Wankhede,25-Oct-15,ODI,South Africa,Lost
 Test #2186 ,1,5,4,0,0,25,4,caught,1,Mohali,05-Nov-15,Test,South Africa,Win
Test # 2186 ,29,92,71,4,0,40.84,4,caught,3,Mohali,05-Nov-15,Test,South Africa,Win
Test #2188 ,,0,0,0,0,0,0,Did Not Bat,0,Bengaluru,14-Nov-15,Test,South Africa,Drawn Match
Test #2189 ,22,73,55,2,0,40,4,caught,1,Nagpur,25-Nov-15,Test,South Africa,Win
Test #2189 ,16,49,30,2,0,53.33,4,caught,3,Nagpur,25-Nov-15,Test,South Africa,Win
Test # 2191 ,44,74,62,7,0,70.96,4,caught,1,Delhi,03-Dec-15,Test,South Africa,Win
Test # 2191,88,259,165,10,0,53.33,5,lbw,3,Delhi,03-Dec-15,Test,South Africa,Win
ODI # 3723 ,91,148,97,9,1,93.81,3,caught,1,Perth,12-Jan-16,ODI,Australia,Lost
ODI # 3724 ,59,84,67,4,0,88.05,3,run out,1,Brisbane,15-Jan-16,ODI,Australia,Lost
ODI # 3725,117,174,117,7,2,100,3,caught,1,Melbourne,17-Jan-16,ODI,Australia,Lost
 ODI # 3726,106,131,92,11,1,115.21,3,caught,2,Canberra,20-Jan-16,ODI,Australia,Lost
 ODI # 3727,8,11,11,1,0,72.72,3,caught,2,Sydney,23-Jan-16,ODI,Australia,Win
 T20I # 485,90,71,55,9,2,163.63,3,not out,1,Adelaide,26-Jan-16,T20I,Australia,Win
 T20I # 486 ,59,44,33,7,1,178.78,3,not out,1,Melbourne,29-Jan-16,T20I,Australia,Win
T20I # 489 ,50,49,36,2,1,138.88,3,bowled,2,Sydney,31-Jan-16,T20I,Australia,Win
T20I # 509 ,7,13,12,1,0,58.33,3,caught,1,Mirpur,24-Feb-16,T20I,Bangladesh,Win
T20I # 512 ,49,71,51,7,0,96.07,3,lbw,2,Mirpur,27-Feb-16,T20I,Pakistan,Win
T20I # 515 ,56,85,47,7,0,119.14,3,not out,2,Mirpur,01-Mar-16,T20I,Sri Lanka,Win
T20I # 517 ,,0,0,0,0,0,0,Did Not Bat,0,Mirpur,03-Mar-16,T20I,U.A.E.,Win
T20I # 521 ,41,62,28,5,0,146.42,3,not out,2,Mirpur,06-Mar-16,T20I,Bangladesh,Win
T20I # 535 ,23,-,27,2,0,85.18,3,caught,2,Nagpur,15-Mar-16,T20I,New Zealand,Lost
T20I # 541 ,55,66,37,7,1,148.64,3,not out,2,Eden Gardens,19-Mar-16,T20I,Pakistan,Win
T20I # 547 ,24,37,24,0,1,100,3,bowled,1,Bengaluru,23-Mar-16,T20I,Bangladesh,Win
T20I # 553 ,82,78,51,9,2,160.78,3,not out,2,Mohali,27-Mar-16,T20I,Australia,Win
T20I # 556 ,89,63,47,11,1,189.36,3,not out,1,Wankhede,31-Mar-16,T20I,West Indies,Lost
Test #2207 ,200,375,283,24,0,70.67,4,bowled,1,North Sound,21-Jul-16,Test,West Indies,Win
Test #2211 ,44,144,90,4,1,48.88,4,caught,2,Kingston,30-Jul-16,Test,West Indies,Drawn Match
Test #2215 ,3,17,8,0,0,37.5,3,caught,1,Gros Islet,09-Aug-16,Test,West Indies,Win
Test #2215 ,4,21,17,0,0,23.52,3,lbw,3,Gros Islet,09-Aug-16,Test,West Indies,Win
Test #2218 ,,0,0,0,0,0,0,Team Did Not Bat,0,Port of Spain,18-Aug-16,Test,West Indies,Drawn Match
T20I # 562 ,16,8,9,3,0,177.77,3,caught,2,Lauderhill,27-Aug-16,T20I,West Indies,Lost
T20I # 563 ,,0,0,0,0,0,0,Did Not Bat,0,Lauderhill,28-Aug-16,T20I,West Indies,No_Result
Test #2221 ,9,12,10,2,0,90,4,caught,1,Kanpur,22-Sep-16,Test,New Zealand,Win
Test #2221 ,18,45,40,3,0,45,4,caught,3,Kanpur,22-Sep-16,Test,New Zealand,Win
Test #2222 ,9,42,28,1,0,32.14,4,caught,1,Eden Gardens,30-Sep-16,Test,New Zealand,Win
Test #2222 ,45,82,65,7,0,69.23,4,lbw,3,Eden Gardens,30-Sep-16,Test,New Zealand,Win
Test #2223 ,211,536,366,20,0,57.65,4,lbw,1,Indore,08-Oct-16,Test,New Zealand,Win
Test #2223 ,17,36,28,1,0,60.71,4,lbw,3,Indore,08-Oct-16,Test,New Zealand,Win
ODI # 3796,85,109,81,9,1,104.93,3,not out,2,Dharamsala,16-Oct-16,ODI,New Zealand,Win
 ODI # 3797,9,18,13,1,0,69.23,3,caught,2,Delhi,20-Oct-16,ODI,New Zealand,Lost
 ODI # 3798,154,202,134,16,1,114.92,3,not out,2,Mohali,23-Oct-16,ODI,New Zealand,Win
 ODI # 3799,45,64,51,2,1,88.23,3,caught,2,Ranchi,26-Oct-16,ODI,New Zealand,Lost
 ODI # 3800,65,152,76,2,1,85.52,3,caught,1,Visakhapatnam,29-Oct-16,ODI,New Zealand,Win
 Test # 2232,40,135,95,5,0,42.1,4,hit wicket,2,Rajkot,09-Nov-16,Test,England,Drawn Match
 Test #2232 ,49,129,98,6,0,50,4,not out,4,Rajkot,09-Nov-16,Test,England,Drawn Match
Test #2235 ,167,401,267,18,0,62.54,4,caught,1,Visakhapatnam,17-Nov-16,Test,England,Win
Test #2235 ,81,172,109,8,0,74.31,4,caught,3,Visakhapatnam,17-Nov-16,Test,England,Win
Test #2238 ,62,161,127,9,0,48.81,4,caught,2,Mohali,26-Nov-16,Test,England,Win
Test #2238 ,6,11,11,0,0,54.54,4,not out,4,Mohali,26-Nov-16,Test,England,Win
Test #2239 ,235,515,340,25,1,69.11,4,caught,2,Wankhede,08-Dec-16,Test,England,Win
Test # 2241,15,44,29,1,0,51.72,4,caught,2,Chennai,16-Dec-16,Test,England,Win
ODI # 3819,122,147,105,8,5,116.19,3,caught,2,Pune,15-Jan-17,ODI,England,Win
 ODI # 3821 ,8,6,5,2,0,160,3,caught,1,Cuttack,19-Jan-17,ODI,England,Win
ODI # 3824,55,81,63,8,0,87.3,3,caught,2,Eden Gardens,22-Jan-17,ODI,England,Lost
 T20I # 592 ,29,34,26,4,0,111.53,1,caught,1,Kanpur,26-Jan-17,T20I,England,Lost
T20I # 593 ,21,17,15,2,1,140,1,caught,1,Nagpur,29-Jan-17,T20I,England,Win
T20I # 594 ,2,6,4,0,0,50,1,run out,1,Bengaluru,01-Feb-17,T20I,England,Win
Test #2249,204,295,246,24,0,82.92,4,lbw,1,Hyderabad,09-Feb-17,Test,Bangladesh,Win
 Test #2249,38,51,40,2,1,95,4,caught,3,Hyderabad,09-Feb-17,Test,Bangladesh,Win
 Test #2250,0,2,2,0,0,0,4,caught,2,Pune,23-Feb-17,Test,Australia,Lost
 Test #2250,13,33,37,1,0,35.13,4,bowled,4,Pune,23-Feb-17,Test,Australia,Lost
 Test #2251,12,25,17,2,0,70.58,4,lbw,1,Bengaluru,04-Mar-17,Test,Australia,Win
 Test #2251,15,34,25,1,0,60,4,lbw,3,Bengaluru,04-Mar-17,Test,Australia,Win
 Test #2256,6,38,23,0,0,26.08,4,caught,2,Ranchi,16-Mar-17,Test,Australia,Drawn Match
 ODI # 3878,81,108,68,6,3,119.11,3,not out,1,Birmingham,04-Jun-17,ODI,Pakistan,Win
 ODI # 3882,0,5,5,0,0,0,3,caught,1,The Oval,08-Jun-17,ODI,Sri Lanka,Lost
 ODI # 3886,76,136,101,7,1,75.24,3,not out,2,The Oval,11-Jun-17,ODI,South Africa,Win
 ODI # 3891,96,96,78,13,0,123.07,3,not out,2,Birmingham,15-Jun-17,ODI,Bangladesh,Win
 ODI # 3894,5,11,9,0,0,55.55,3,caught,2,The Oval,18-Jun-17,ODI,Pakistan,Lost
 ODI # 3895,32,-,47,1,0,68.08,3,not out,1,Port of Spain,23-Jun-17,ODI,West Indies,No_Result
 ODI # 3896,87,-,66,4,4,131.81,3,caught,1,Port of Spain,25-Jun-17,ODI,West Indies,Win
 ODI # 3898,11,-,22,2,0,50,3,caught,1,North Sound,30-Jun-17,ODI,West Indies,Win
 ODI # 3900,3,-,12,0,0,25,3,caught,2,North Sound,02-Jul-17,ODI,West Indies,Lost
 ODI # 3902,111,-,115,12,2,96.52,3,not out,2,Kingston,06-Jul-17,ODI,West Indies,Win
 T20I # 617 ,39,-,22,7,1,177.27,1,caught,1,Kingston,09-Jul-17,T20I,West Indies,Lost
Test #2265 ,3,15,8,0,0,37.5,4,caught,1,Galle,26-Jul-17,Test,Sri Lanka,Win
Test #2265 ,103,158,136,5,1,75.73,4,not out,3,Galle,26-Jul-17,Test,Sri Lanka,Win
Test #2267,13,31,29,2,0,44.82,4,caught,1,Colombo (SSC),03-Aug-17,Test,Sri Lanka,Win
 Test #2269,42,119,84,3,0,50,4,caught,1,Pallekele,12-Aug-17,Test,Sri Lanka,Win
 ODI # 3905,82,-,70,10,1,117.14,3,not out,2,Dambulla,20-Aug-17,ODI,Sri Lanka,Win
 ODI # 3906,4,-,2,1,0,200,5,bowled,2,Pallekele,24-Aug-17,ODI,Sri Lanka,Win
 ODI # 3907,3,-,11,0,0,27.27,3,caught,2,Pallekele,27-Aug-17,ODI,Sri Lanka,Win
 ODI # 3908,131,-,96,17,2,136.45,3,caught,1,Colombo (RPS),31-Aug-17,ODI,Sri Lanka,Win
 ODI # 3909 ,110,-,116,9,0,94.82,3,not out,2,Colombo (RPS),03-Sep-17,ODI,Sri Lanka,Win
T201 # 618 ,82,-,54,7,1,151.85,3,caught,2,Colombo (RPS),06-Sep-17,T20I,Sri Lanka,NULL
ODI # 3910,0,7,4,0,0,0,3,caught,1,Chennai,17-Sep-17,ODI,Australia,Win
 ODI # 3912 ,92,148,107,8,0,85.98,3,bowled,1,Eden Gardens,21-Sep-17,ODI,Australia,Win
ODI # 3914,28,58,35,2,0,80,3,caught,2,Indore,24-Sep-17,ODI,Australia,Win
 ODI # 3917 ,21,23,21,3,0,100,3,bowled,2,Bengaluru,28-Sep-17,ODI,Australia,Lost
ODI # 3919 ,39,73,55,2,0,70.9,3,caught,2,Nagpur,01-Oct-17,ODI,Australia,Win
T20I # 623,22,19,14,3,0,157.14,3,not out,2,Ranchi,07-Oct-17,T20I,Australia,Win
 T20I # 624 ,0,2,2,0,0,0,3,caught,1,Guwahati,10-Oct-17,T20I,Australia,Lost
ODI # 3928 ,121,203,125,9,2,96.8,3,caught,1,Wankhede,22-Oct-17,ODI,New Zealand,Lost
CODI # 3931,29,40,29,3,1,100,3,caught,2,Pune,25-Oct-17,ODI,New Zealand,NULL
 ODI # 3932 ,113,166,106,9,1,106.6,3,caught,1,Kanpur,29-Oct-17,ODI,New Zealand,Win
T20I # 630,26,19,11,0,3,236.36,4,not out,1,Delhi,01-Nov-17,T20I,New Zealand,Win
 T20I # 631,65,59,42,8,1,154.76,4,caught,2,Rajkot,04-Nov-17,T20I,New Zealand,Lost
 T20I # 632 ,13,6,6,1,1,216.66,3,caught,1,Thiruvananthapuram,07-Nov-17,T20I,New Zealand,Win
Test #2281 ,0,18,11,0,0,0,4,lbw,1,Eden Gardens,16-Nov-17,Test,Sri Lanka,Drawn Match
Test #2281 ,104,208,119,12,2,87.39,4,not out,3,Eden Gardens,16-Nov-17,Test,Sri Lanka,Drawn Match
Test #2283 ,213,386,267,17,2,79.77,4,caught,2,Nagpur,24-Nov-17,Test,Sri Lanka,Win
Test #2286 ,243,447,287,25,0,84.66,4,lbw,1,Delhi,02-Dec-17,Test,Sri Lanka,Drawn Match
Test #2286,50,89,58,3,0,86.2,5,caught,3,Delhi,02-Dec-17,Test,Sri Lanka,Drawn Match
Test #2292,5,14,13,0,0,38.46,4,caught,2,Cape Town,05-Jan-18,Test,South Africa,Lost
 Test #2292,28,62,40,4,0,70,4,lbw,4,Cape Town,05-Jan-18,Test,South Africa,Lost
 Test #2293 ,153,379,217,15,0,70.5,4,caught,2,Centurion,13-Jan-18,Test,South Africa,Lost
Test # 2293,5,22,20,1,0,25,4,lbw,4,Centurion,13-Jan-18,Test,South Africa,Lost
 Test #2294 ,54,146,106,9,0,50.94,4,caught,1,Johannesburg,24-Jan-18,Test,South Africa,Win
Test #2294 ,41,131,79,6,0,51.89,5,bowled,3,Johannesburg,24-Jan-18,Test,South Africa,Win
ODI # 3969 ,112,164,119,10,0,94.11,3,caught,2,Durban,01-Feb-18,ODI,South Africa,Win
ODI # 3970 ,46,64,50,4,1,92,3,not out,2,Centurion,04-Feb-18,ODI,South Africa,Win
ODI # 3971 ,160,220,159,12,2,100.62,3,not out,1,Cape Town,07-Feb-18,ODI,South Africa,Win
ODI # 3973 ,75,119,83,7,1,90.36,3,caught,1,Johannesburg,10-Feb-18,ODI,South Africa,Lost
ODI # 3976 ,36,76,54,2,0,66.66,3,run out,1,Gqeberha,13-Feb-18,ODI,South Africa,Win
ODI # 3978 ,129,123,96,19,2,134.37,3,not out,2,Centurion,16-Feb-18,ODI,South Africa,Win
T20I # 652,26,26,20,2,1,130,4,lbw,1,Johannesburg,18-Feb-18,T20I,South Africa,Win
 T20I # 654,1,6,5,0,0,20,4,caught,1,Centurion,21-Feb-18,T20I,South Africa,Lost
 T20I # 678,0,1,2,0,0,0,6,caught,1,Dublin (Malahide),27-Jun-18,T20I,Ireland,Win
 T20I # 680,9,-,8,1,0,112.5,2,caught,1,Dublin (Malahide),29-Jun-18,T20I,Ireland,Win
 T20I # 684 ,20,-,22,0,1,90.9,4,not out,2,Manchester,03-Jul-18,T20I,England,Win
T20I # 688,47,-,38,1,2,123.68,4,caught,1,Cardiff,06-Jul-18,T20I,England,Lost
 T20I # 690 ,43,-,29,2,2,148.27,4,caught,2,Bristol,08-Jul-18,T20I,England,Win
ODI # 4014,75,-,82,7,0,91.46,3,stumped,2,Nottingham,12-Jul-18,ODI,England,Win
 ODI # 4016,45,-,56,2,0,80.35,3,lbw,2,Lord's,14-Jul-18,ODI,England,Lost
 ODI # 4018,71,98,72,8,0,98.61,3,bowled,1,Leeds,17-Jul-18,ODI,England,Lost
 Test #2314 ,149,277,225,22,1,66.22,4,caught,2,Birmingham,01-Aug-18,Test,England,Lost
Test #2314 ,51,185,93,4,0,54.83,4,lbw,4,Birmingham,01-Aug-18,Test,England,Lost
Test #2315 ,23,73,57,2,0,40.35,4,caught,1,Lord's,09-Aug-18,Test,England,Lost
Test #2315 ,17,57,29,2,0,58.62,5,caught,3,Lord's,09-Aug-18,Test,England,Lost
Test #2316 ,97,243,152,11,0,63.81,4,caught,1,Nottingham,18-Aug-18,Test,England,Win
Test #2316 ,103,292,197,10,0,52.28,4,lbw,3,Nottingham,18-Aug-18,Test,England,Win
Test #2317 ,46,100,71,6,0,64.78,4,caught,2,Southampton,30-Aug-18,Test,England,Lost
Test #2317 ,58,170,130,4,0,44.61,4,caught,4,Southampton,30-Aug-18,Test,England,Lost
Test #2318 ,49,112,70,6,0,70,4,caught,2,The Oval,07-Sep-18,Test,England,Lost
Test #2318 ,0,3,1,0,0,0,4,caught,4,The Oval,07-Sep-18,Test,England,Lost
Test #2319 ,139,341,230,10,0,60.43,4,caught,1,Rajkot,04-Oct-18,Test,West Indies,Win
Test #2321 ,45,86,78,5,0,57.69,4,lbw,2,Hyderabad,12-Oct-18,Test,West Indies,Win
Test #2321 ,,0,0,0,0,0,0,Did Not Bat,0,Hyderabad,12-Oct-18,Test,West Indies,Win
ODI # 4056,140,-,107,21,2,130.84,3,stumped,2,Guwahati,21-Oct-18,ODI,West Indies,Win
 ODI # 4059,157,217,129,13,4,121.7,3,not out,1,Visakhapatnam,24-Oct-18,ODI,West Indies,Tied Match
 ODI # 4062,107,-,119,10,1,89.91,3,bowled,2,Pune,27-Oct-18,ODI,West Indies,Lost
 ODI # 4063,16,-,17,2,0,94.11,3,caught,1,Brabourne,29-Oct-18,ODI,West Indies,Win
 ODI # 4064,33,57,29,6,0,113.79,3,not out,2,Thiruvananthapuram,01-Nov-18,ODI,West Indies,Win
 T20I # 712 ,4,-,8,0,0,50,4,caught,2,Brisbane,21-Nov-18,T20I,Australia,Lost
T20I # 713 ,,0,0,0,0,0,0,Team Did Not Bat,0,Melbourne,23-Nov-18,T20I,Australia,No_Result
T20I # 714 ,61,-,41,4,2,148.78,3,not out,2,Sydney,25-Nov-18,T20I,Australia,Win
Test # 2333,3,17,16,0,0,18.75,4,caught,1,Adelaide,06-Dec-18,Test,Australia,Win
 Test #2333,34,132,104,3,0,32.69,4,caught,3,Adelaide,06-Dec-18,Test,Australia,Win
 Test #2334,123,373,257,13,1,47.85,4,caught,2,Perth,14-Dec-18,Test,Australia,Lost
 Test #2334,17,64,40,2,0,42.5,4,caught,4,Perth,14-Dec-18,Test,Australia,Lost
 Test #2337,82,305,204,9,0,40.19,4,caught,1,Melbourne,26-Dec-18,Test,Australia,Win
 Test #2337,0,6,4,0,0,0,4,caught,3,Melbourne,26-Dec-18,Test,Australia,Win
Test #2339,23,-,59,4,0,38.98,4,caught,1,Sydney,03-Jan-19,Test,Australia,Drawn Match
 ODI # 4077,3,10,8,0,0,37.5,3,caught,2,Sydney,12-Jan-19,ODI,Australia,Lost
 ODI # 4078 ,104,150,112,5,2,92.85,3,caught,2,Adelaide,15-Jan-19,ODI,Australia,Win
ODI # 4079 ,46,-,62,3,0,74.19,3,caught,2,Melbourne,18-Jan-19,ODI,Australia,Win
ODI # 4082 ,45,59,59,3,0,76.27,3,caught,2,Napier,23-Jan-19,ODI,New Zealand,Win
ODI # 4085 ,43,59,45,5,0,95.55,3,caught,1,Mount Maunganui,26-Jan-19,ODI,New Zealand,Win
ODI # 4088 ,60,94,74,6,1,81.08,3,caught,2,Mount Maunganui,28-Jan-19,ODI,New Zealand,Win
T20I # 748 ,24,25,17,3,0,141.17,3,caught,1,Visakhapatnam,24-Feb-19,T20I,Australia,Lost
T20I # 749,72,63,38,2,6,189.47,3,not out,1,Bengaluru,27-Feb-19,T20I,Australia,Lost
 ODI # 4102,44,-,45,6,1,97.77,3,lbw,2,Hyderabad,02-Mar-19,ODI,Australia,Win
 ODI # 4106,116,-,120,10,0,96.66,3,caught,1,Nagpur,05-Mar-19,ODI,Australia,Win
 ODI # 4109 ,123,-,95,16,1,129.47,3,bowled,2,Ranchi,08-Mar-19,ODI,Australia,Lost
ODI # 4111 ,7,-,6,1,0,116.66,4,caught,1,Mohali,10-Mar-19,ODI,Australia,Lost
ODI # 4113 ,20,-,22,2,0,90.9,3,caught,2,Delhi,13-Mar-19,ODI,Australia,Lost
ODI # 4150 ,18,44,34,1,0,52.94,3,caught,2,Southampton,05-Jun-19,ODI,South Africa,Win
ODI # 4155 ,82,128,77,4,2,106.49,3,caught,1,The Oval,09-Jun-19,ODI,Australia,Win
ODI # 4161 ,77,105,65,7,0,118.46,3,caught,1,Manchester,16-Jun-19,ODI,Pakistan,Win
ODI # 4169 ,67,105,63,5,0,106.34,3,caught,1,Southampton,22-Jun-19,ODI,Afghanistan,Win
ODI # 4175 ,72,146,82,8,0,87.8,3,caught,1,Manchester,27-Jun-19,ODI,West Indies,Win
ODI # 4179 ,66,103,76,7,0,86.84,3,caught,2,Birmingham,30-Jun-19,ODI,England,Lost
ODI # 4182 ,26,45,27,3,0,96.29,3,caught,1,Birmingham,02-Jul-19,ODI,Bangladesh,Win
ODI # 4187 ,34,61,41,3,0,82.92,3,not out,2,Leeds,06-Jul-19,ODI,Sri Lanka,Win
ODI # 4190 ,1,8,6,0,0,16.66,3,lbw,2,Manchester,09-Jul-19,ODI,New Zealand,Lost
T20I # 842 ,19,-,29,1,0,65.51,3,caught,2,Lauderhill,03-Aug-19,T20I,West Indies,Win
T20I # 843 ,28,-,23,1,1,121.73,3,bowled,1,Lauderhill,04-Aug-19,T20I,West Indies,Win
T20I # 846 ,59,-,45,6,0,131.11,3,caught,2,Providence,06-Aug-19,T20I,West Indies,Win
ODI # 4196 ,,0,0,0,0,0,0,Team Did Not Bat,0,Providence,08-Aug-19,ODI,West Indies,No_Result
ODI # 4197 ,120,179,125,14,1,96,3,caught,1,Port of Spain,11-Aug-19,ODI,West Indies,Win
ODI # 4199 ,114,127,99,14,0,115.15,3,not out,2,Port of Spain,14-Aug-19,ODI,West Indies,Win
Test #2358 ,9,-,12,2,0,75,4,caught,1,North Sound,22-Aug-19,Test,West Indies,Win
Test #2358 ,51,-,113,2,0,45.13,4,caught,3,North Sound,22-Aug-19,Test,West Indies,Win
Test #2359 ,76,211,163,10,0,46.62,4,caught,1,Kingston,30-Aug-19,Test,West Indies,Win
Test #2359 ,0,3,1,0,0,0,4,caught,3,Kingston,30-Aug-19,Test,West Indies,Win
T20I # 888,72,66,52,4,3,138.46,3,not out,2,Mohali,18-Sep-19,T20I,South Africa,Win
 T20I # 893,9,28,15,0,0,60,3,caught,1,Bengaluru,22-Sep-19,T20I,South Africa,Lost
 Test # 2363,20,-,40,4,0,50,4,caught,1,Visakhapatnam,02-Oct-19,Test,South Africa,Win
 Test # 2363,31,-,25,3,1,124,5,not out,3,Visakhapatnam,02-Oct-19,Test,South Africa,Win
 Test #2364 ,254,-,336,33,2,75.59,4,not out,1,Pune,10-Oct-19,Test,South Africa,Win
Test #2365 ,12,-,22,2,0,54.54,4,lbw,1,Ranchi,19-Oct-19,Test,South Africa,Win
Test #2366 ,0,-,2,0,0,0,4,lbw,2,Indore,14-Nov-19,Test,Bangladesh,Win
Test #2369 ,136,-,194,18,0,70.1,4,caught,2,Eden Gardens,22-Nov-19,Test,Bangladesh,Win
T20I # 1020,94,-,50,6,6,188,3,not out,2,Hyderabad,06-Dec-19,T20I,West Indies,Win
 T20I # 1022,19,-,17,2,0,111.76,4,caught,1,Thiruvananthapuram,08-Dec-19,T20I,West Indies,Lost
 T20I # 1024,70,-,29,4,7,241.37,4,not out,1,Wankhede,11-Dec-19,T20I,West Indies,Win
 ODI # 4221,4,-,4,1,0,100,3,bowled,1,Chennai,15-Dec-19,ODI,West Indies,Lost
 ODI # 4222,0,-,1,0,0,0,3,caught,1,Visakhapatnam,18-Dec-19,ODI,West Indies,Win
 ODI # 4223,85,-,81,9,0,104.93,3,bowled,2,Cuttack,22-Dec-19,ODI,West Indies,Win
T20I # 1025 ,,0,0,0,0,0,0,Team Did Not Bat,0,Guwahati,05-Jan-20,T20I,Sri Lanka,No_Result
T20I # 1026 ,30,-,17,1,2,176.47,4,not out,2,Indore,07-Jan-20,T20I,Sri Lanka,Win
T20I # 1027,26,-,17,2,1,152.94,6,run out,1,Pune,10-Jan-20,T20I,Sri Lanka,Win
 ODI # 4231 ,16,-,14,0,1,114.28,4,caught,1,Wankhede,14-Jan-20,ODI,Australia,Lost
ODI # 4232 ,78,-,76,6,0,102.63,3,caught,1,Rajkot,17-Jan-20,ODI,Australia,Win
ODI # 4233 ,89,-,91,8,0,97.8,3,bowled,2,Bengaluru,19-Jan-20,ODI,Australia,Win
T20I # 1031,45,-,32,3,1,140.62,3,caught,2,Auckland,24-Jan-20,T20I,New Zealand,Win
 T20I # 1034,11,21,12,1,0,91.66,3,caught,2,Auckland,26-Jan-20,T20I,New Zealand,Win
 T20I # 1035,38,31,27,2,1,140.74,4,caught,1,Hamilton,29-Jan-20,T20I,New Zealand,Tied Match
 T20I # 1036,11,16,9,2,0,122.22,3,caught,1,Wellington,31-Jan-20,T20I,New Zealand,Tied Match
 ODI # 4235,51,88,63,6,0,80.95,3,bowled,1,Hamilton,05-Feb-20,ODI,New Zealand,Lost
 ODI # 4239,15,31,25,1,0,60,3,bowled,2,Auckland,08-Feb-20,ODI,New Zealand,Lost
 ODI # 4243,9,20,12,0,1,75,3,caught,1,Mount Maunganui,11-Feb-20,ODI,New Zealand,Lost
 Test #2385 ,2,9,7,0,0,28.57,4,caught,1,Wellington,21-Feb-20,Test,New Zealand,Lost
Test # 2385 ,19,61,43,3,0,44.18,4,caught,3,Wellington,21-Feb-20,Test,New Zealand,Lost
Test #2387 ,3,23,15,0,0,20,4,lbw,1,Christchurch,29-Feb-20,Test,New Zealand,Lost
Test #2387 ,14,40,30,3,0,46.66,4,lbw,3,Christchurch,29-Feb-20,Test,New Zealand,Lost
ODI # 4265 ,21,-,21,2,1,100,3,caught,2,Sydney,27-Nov-20,ODI,Australia,Lost
ODI # 4266 ,89,-,87,7,2,102.29,3,caught,2,Sydney,29-Nov-20,ODI,Australia,Lost
ODI # 4267 ,63,-,78,5,0,80.76,3,caught,1,Canberra,02-Dec-20,ODI,Australia,Win
T20I # 1114,9,-,9,1,0,100,3,caught,1,Canberra,04-Dec-20,T20I,Australia,Win
 T20I # 1115,40,-,24,2,2,166.66,3,caught,2,Sydney,06-Dec-20,T20I,Australia,Win
 T20I # 1116,85,-,61,4,3,139.34,3,caught,2,Sydney,08-Dec-20,T20I,Australia,Lost
 Test # 2396,74,244,180,8,0,41.11,4,run out,1,Adelaide,17-Dec-20,Test,Australia,Lost
 Test # 2396,4,13,8,1,0,50,5,caught,3,Adelaide,17-Dec-20,Test,Australia,Lost
Test #2409 ,11,69,48,0,0,22.91,4,caught,2,Chennai,05-Feb-21,Test,England,Lost
Test #2409,72,153,104,9,0,69.23,4,bowled,4,Chennai,05-Feb-21,Test,England,Lost
 Test #2411 ,0,6,5,0,0,0,4,bowled,1,Chennai,13-Feb-21,Test,England,Win
Test #2411 ,62,200,149,7,0,41.61,4,lbw,3,Chennai,13-Feb-21,Test,England,Win
Test #2412 ,27,85,58,3,0,46.55,4,bowled,2,Ahmedabad,24-Feb-21,Test,England,Win
Test #2412,,0,0,0,0,0,0,Did Not Bat,0,Ahmedabad,24-Feb-21,Test,England,Win
 Test #2414 ,0,13,8,0,0,0,4,caught,2,Ahmedabad,04-Mar-21,Test,England,Win
T20I # 1131,0,6,5,0,0,0,3,caught,1,Ahmedabad,12-Mar-21,T20I,England,Lost
 T20I # 1132,73,85,49,5,3,148.97,3,not out,2,Ahmedabad,14-Mar-21,T20I,England,Win
 T20I # 1133,77,80,46,8,4,167.39,4,not out,1,Ahmedabad,16-Mar-21,T20I,England,Lost
 T20I # 1135,1,3,5,0,0,20,4,stumped,1,Ahmedabad,18-Mar-21,T20I,England,Win
 T20I # 1138,80,103,52,7,2,153.84,2,not out,1,Ahmedabad,20-Mar-21,T20I,England,Win
 ODI # 4281,56,65,60,6,0,93.33,3,caught,1,Pune,23-Mar-21,ODI,England,Win
 ODI # 4283,66,110,79,3,1,83.54,3,caught,1,Pune,26-Mar-21,ODI,England,Lost
 ODI # 4284 ,7,14,10,1,0,70,3,bowled,1,Pune,28-Mar-21,ODI,England,Win
Test #2425 ,44,196,132,1,0,33.33,4,lbw,1,Southampton,18-Jun-21,Test,New Zealand,Lost
Test #2425 ,13,43,29,0,0,44.82,4,caught,3,Southampton,18-Jun-21,Test,New Zealand,Lost
Test #2428 ,0,2,1,0,0,0,4,caught,2,Nottingham,04-Aug-21,Test,England,Drawn Match
Test #2428 ,,0,0,0,0,0,0,Did Not Bat,0,Nottingham,04-Aug-21,Test,England,Drawn Match
Test #2429 ,42,152,103,3,0,40.77,4,caught,1,Lord's,12-Aug-21,Test,England,Win
Test #2429 ,20,54,31,4,0,64.51,4,caught,3,Lord's,12-Aug-21,Test,England,Win
Test #2432 ,7,31,17,1,0,41.17,4,caught,1,Leeds,25-Aug-21,Test,England,Lost
Test #2432 ,55,173,125,8,0,44,4,caught,3,Leeds,25-Aug-21,Test,England,Lost
Test #2433 ,50,133,96,8,0,52.08,4,caught,1,The Oval,02-Sep-21,Test,England,Win
Test #2433 ,44,151,96,7,0,45.83,4,caught,3,The Oval,02-Sep-21,Test,England,Win
T20I # 1361,57,94,49,5,1,116.32,3,caught,1,Dubai (DICS),24-Oct-21,T20I,Pakistan,Lost
 T20I # 1381,9,20,17,0,0,52.94,4,caught,1,Dubai (DICS),31-Oct-21,T20I,New Zealand,Lost
 T20I # 1390,,0,0,0,0,0,0,Did Not Bat,0,Abu Dhabi,03-Nov-21,T20I,Afghanistan,Win
 T20I # 1396,2,7,2,0,0,100,3,not out,2,Dubai (DICS),05-Nov-21,T20I,Scotland,Win
 T20I # 1410,,0,0,0,0,0,0,Did Not Bat,0,Dubai (DICS),08-Nov-21,T20I,Namibia,Win
 Test #2438 ,0,8,4,0,0,0,4,lbw,1,Wankhede,03-Dec-21,Test,New Zealand,Win
Test #2438 ,36,111,84,1,1,42.85,4,bowled,3,Wankhede,03-Dec-21,Test,New Zealand,Win
Test #2443 ,35,108,94,4,0,37.23,4,caught,1,Centurion,26-Dec-21,Test,South Africa,Win
Test #2443,18,41,32,4,0,56.25,5,caught,3,Centurion,26-Dec-21,Test,South Africa,Win
Test #2448 ,79,273,201,12,1,39.3,4,caught,1,Cape Town,11-Jan-22,Test,South Africa,Lost
Test # 2448,29,193,143,4,0,20.27,4,caught,3,Cape Town,11-Jan-22,Test,South Africa,Lost
 ODI # 4344 ,51,79,63,3,0,80.95,3,caught,2,Paarl,19-Jan-22,ODI,South Africa,Lost
ODI # 4346 ,0,4,5,0,0,0,3,caught,1,Paarl,21-Jan-22,ODI,South Africa,Lost
ODI # 4349,65,112,84,5,0,77.38,3,caught,2,Cape Town,23-Jan-22,ODI,South Africa,Lost
 ODI # 4353 ,8,6,4,2,0,200,3,caught,2,Ahmedabad,06-Feb-22,ODI,West Indies,Win
ODI # 4355,18,42,30,3,0,60,3,caught,1,Ahmedabad,09-Feb-22,ODI,West Indies,Win
 ODI # 4356,0,2,2,0,0,0,3,caught,1,Ahmedabad,11-Feb-22,ODI,West Indies,Win
 T20I # 1467,17,25,13,1,0,130.76,3,caught,2,Eden Gardens,16-Feb-22,T20I,West Indies,Win
 T20I # 1473,52,57,41,7,1,126.82,3,bowled,1,Eden Gardens,18-Feb-22,T20I,West Indies,Win
 Test #2452 ,45,106,76,5,0,59.21,4,bowled,1,Mohali,04-Mar-22,Test,Sri Lanka,Win
Test #2456 ,23,63,48,2,0,47.91,4,lbw,1,Bengaluru,12-Mar-22,Test,Sri Lanka,Win
Test #2456 ,13,27,16,1,0,81.25,4,lbw,3,Bengaluru,12-Mar-22,Test,Sri Lanka,Win
Test #2470 ,11,33,19,2,0,57.89,4,bowled,1,Birmingham,01-Jul-22,Test,England,Lost
Test #2470 ,20,64,40,4,0,50,4,caught,3,Birmingham,01-Jul-22,Test,England,Lost
T20I # 1628,1,8,3,0,0,33.33,3,caught,1,Birmingham,09-Jul-22,T20I,England,Win
 T20I # 1631,11,8,6,1,1,183.33,3,caught,2,Nottingham,10-Jul-22,T20I,England,Lost
 ODI # 4428 ,16,39,25,3,0,64,3,caught,2,Lord's,14-Jul-22,ODI,England,Lost
ODI # 4433 ,17,27,22,3,0,77.27,3,caught,2,Manchester,17-Jul-22,ODI,England,Win
T20I # 1750 ,35,47,34,3,1,102.94,3,caught,2,Dubai (DICS),28-Aug-22,T20I,Pakistan,Win
T20I # 1754 ,59,74,44,1,3,134.09,3,not out,1,Dubai (DICS),31-Aug-22,T20I,Hong Kong,Win
T20I # 1758 ,60,77,44,4,1,136.36,3,run out,1,Dubai (DICS),04-Sep-22,T20I,Pakistan,Lost
T20I # 1759 ,0,6,4,0,0,0,3,bowled,1,Dubai (DICS),06-Sep-22,T20I,Sri Lanka,Lost
T20I # 1761 ,122,90,61,12,6,200,2,not out,1,Dubai (DICS),08-Sep-22,T20I,Afghanistan,Win
T20I # 1788 ,2,12,7,0,0,28.57,3,caught,1,Mohali,20-Sep-22,T20I,Australia,Lost
T20I # 1794 ,11,-,6,2,0,183.33,3,bowled,2,Nagpur,23-Sep-22,T20I,Australia,Win
T20I # 1796 ,63,89,48,3,4,131.25,3,caught,2,Hyderabad,25-Sep-22,T20I,Australia,Win
T201 # 1800,3,19,9,0,0,33.33,3,caught,2,Thiruvananthapuram,28-Sep-22,T20I,South Africa,NULL
 T20I # 1803,49,56,28,7,1,175,3,not out,1,Guwahati,02-Oct-22,T20I,South Africa,Win
 T20I # 1842,82,98,53,6,4,154.71,3,not out,2,Melbourne,23-Oct-22,T20I,Pakistan,Win
 T20I # 1848,62,79,44,3,2,140.9,3,not out,1,Sydney,27-Oct-22,T20I,Netherlands,Win
 T20I # 1853,12,13,11,2,0,109.09,3,caught,1,Perth,30-Oct-22,T20I,South Africa,Lost
 T20I # 1860,64,84,44,8,1,145.45,3,not out,1,Adelaide,02-Nov-22,T20I,Bangladesh,Win
 T20I # 1873,26,36,25,2,0,104,3,caught,1,Melbourne,06-Nov-22,T20I,Zimbabwe,Win
 T20I # 1878,50,75,40,4,1,125,3,caught,1,Adelaide,10-Nov-22,T20I,England,Lost
 ODI # 4493 ,9,22,15,1,0,60,3,caught,1,Mirpur,04-Dec-22,ODI,Bangladesh,Lost
ODI # 4496 ,5,9,6,1,0,83.33,1,bowled,2,Mirpur,07-Dec-22,ODI,Bangladesh,Lost
ODI # 4499 ,113,174,91,11,2,124.17,3,caught,1,Chattogram,10-Dec-22,ODI,Bangladesh,Win
Test #2481 ,1,8,5,0,0,20,4,lbw,1,Chattogram,14-Dec-22,Test,Bangladesh,Win
Test #2481 ,19,40,29,0,0,65.51,4,not out,3,Chattogram,14-Dec-22,Test,Bangladesh,Win
Test # 2484,24,91,73,3,0,32.87,4,caught,2,Mirpur,22-Dec-22,Test,Bangladesh,Win
 Test #2484,1,20,22,0,0,4.54,5,caught,4,Mirpur,22-Dec-22,Test,Bangladesh,Win
ODI # 4501 ,113,117,87,12,1,129.88,3,caught,1,Guwahati,10-Jan-23,ODI,Sri Lanka,Win
ODI # 4503 ,4,27,9,1,0,44.44,3,bowled,2,Eden Gardens,12-Jan-23,ODI,Sri Lanka,Win
ODI # 4505,166,173,110,13,8,150.9,3,not out,1,Thiruvananthapuram,15-Jan-23,ODI,Sri Lanka,Win
 ODI # 4507 ,8,16,10,1,0,80,3,bowled,1,Hyderabad,18-Jan-23,ODI,New Zealand,Win
ODI # 4509,11,19,9,2,0,122.22,3,stumped,2,Raipur,21-Jan-23,ODI,New Zealand,Win
 ODI # 4511 ,36,44,27,3,1,133.33,3,caught,1,Indore,24-Jan-23,ODI,New Zealand,Win
Test #2490,12,27,26,2,0,46.15,5,caught,2,Nagpur,09-Feb-23,Test,Australia,Win
Test #2493 ,44,127,84,4,0,52.38,4,lbw,2,Delhi,17-Feb-23,Test,Australia,Win
Test # 2493,20,47,31,3,0,64.51,4,stumped,4,Delhi,17-Feb-23,Test,Australia,Win
 Test #2496,22,64,52,2,0,42.3,4,lbw,1,Indore,01-Mar-23,Test,Australia,Lost
 Test #2496,13,35,26,2,0,50,4,lbw,3,Indore,01-Mar-23,Test,Australia,Lost
 Test # 2499,186,517,364,15,0,51.09,4,caught,2,Ahmedabad,09-Mar-23,Test,Australia,Drawn Match
 ODI # 4538,4,15,9,1,0,44.44,3,lbw,2,Wankhede,17-Mar-23,ODI,Australia,Win
 ODI # 4541,31,79,35,4,0,88.57,3,lbw,1,Visakhapatnam,19-Mar-23,ODI,Australia,Lost
 ODI # 4545,54,118,72,2,1,75,3,caught,2,Chennai,22-Mar-23,ODI,Australia,Lost
 Test #2505 ,14,56,31,2,0,45.16,4,caught,2,The Oval,07-Jun-23,Test,Australia,Lost
Test # 2505 ,49,115,78,7,0,62.82,4,caught,4,The Oval,07-Jun-23,Test,Australia,Lost
Test #2510 ,76,262,182,5,0,41.75,4,caught,2,Roseau,12-Jul-23,Test,West Indies,Win
Test #2513 ,121,272,206,11,0,58.73,4,run out,1,Port of Spain,20-Jul-23,Test,West Indies,Drawn Match
Test #2513 ,,0,0,0,0,0,0,Did Not Bat,0,Port of Spain,20-Jul-23,Test,West Indies,Drawn Match
ODI # 4622,,0,0,0,0,0,0,Did Not Bat,0,Bridgetown,27-Jul-23,ODI,West Indies,Win
 ODI # 4630,4,8,7,1,0,57.14,3,bowled,1,Pallekele,02-Sep-23,ODI,Pakistan,No_Result
 ODI # 4632,,0,0,0,0,0,0,Did Not Bat,0,Pallekele,04-Sep-23,ODI,Nepal,Win
 ODI # 4639,122,147,94,9,3,129.78,3,not out,1,Colombo (RPS),10-Sep-23,ODI,Pakistan,Win
 ODI # 4641,3,12,12,0,0,25,3,caught,1,Colombo (RPS),12-Sep-23,ODI,Sri Lanka,Win
 ODI # 4649,,0,0,0,0,0,0,Did Not Bat,0,Colombo (RPS),17-Sep-23,ODI,Sri Lanka,Win
 ODI # 4657,56,63,61,5,1,91.8,3,caught,2,Rajkot,27-Sep-23,ODI,Australia,Lost
 ODI # 4662,85,171,116,6,0,73.27,3,caught,2,Chennai,08-Oct-23,ODI,Australia,Win
 ODI # 4666,55,64,56,6,0,98.21,3,not out,2,Delhi,11-Oct-23,ODI,Afghanistan,Win
 ODI # 4669,16,31,18,3,0,88.88,3,caught,2,Ahmedabad,14-Oct-23,ODI,Pakistan,Win
 ODI # 4674,103,113,97,6,4,106.18,3,not out,2,Pune,19-Oct-23,ODI,Bangladesh,Win
 ODI # 4678,95,154,104,8,2,91.34,3,caught,2,Dharamsala,22-Oct-23,ODI,New Zealand,Win
 ODI # 4686,0,12,9,0,0,0,3,caught,1,Lucknow,29-Oct-23,ODI,England,Win
 ODI # 4690,88,139,94,11,0,93.61,3,caught,1,Wankhede,02-Nov-23,ODI,Sri Lanka,Win
 ODI # 4694,101,195,121,10,0,83.47,3,not out,1,Eden Gardens,05-Nov-23,ODI,South Africa,Win
 ODI # 4702,51,69,56,5,1,91.07,3,bowled,1,Bengaluru,12-Nov-23,ODI,Netherlands,Win
 ODI # 4703,117,149,113,9,2,103.53,3,caught,1,Wankhede,15-Nov-23,ODI,New Zealand,Win
 ODI # 4705,54,99,63,4,0,85.71,3,bowled,1,Ahmedabad,19-Nov-23,ODI,Australia,Lost
 Test #2520 ,38,96,64,5,0,59.37,4,caught,1,Centurion,26-Dec-23,Test,South Africa,Lost
Test #2520,76,137,82,12,1,92.68,4,caught,3,Centurion,26-Dec-23,Test,South Africa,Lost
Test #2522 ,46,103,59,6,1,77.96,4,caught,2,Cape Town,03-Jan-24,Test,South Africa,Win
Test #2522 ,12,13,11,2,0,109.09,4,caught,4,Cape Town,03-Jan-24,Test,South Africa,Win
T20I # 2431 ,29,20,16,5,0,181.25,3,caught,2,Indore,14-Jan-24,T20I,Afghanistan,Win
T20I # 2435,0,1,1,0,0,0,3,caught,1,Bengaluru,17-Jan-24,T20I,Afghanistan,Tied Match
